,AreaName,AvgPrice,Latitude,Longitude,PinCode,District
0,Uttam Nagar,7486,28.618535,77.056782,110059,West District
1,Uttam Nagar West,6762.32,28.618535,77.056782,110059,West District
2,Malviya Nagar,11703.7,28.534883,77.210245,110017,South District
3,Laxmi Nagar,11858.86,28.635202,77.283208,110092,East District
4,Greater Kailash 1,17797.51,28.548714,77.236102,110048,South East Delhi District
5,Saket,13995.16,28.523848,77.206773,110017,South District
6,Defence Colony,20939.86,28.573199,77.232795,110024,South East Delhi District
7,Safdarjung Enclave,21743.02,28.565741,77.194877,110029,South District
8,Vasant Kunj,68576.87,28.51498,77.153245,110070,South District
9,Greater Kailash Ii,16788.9,28.534883,77.241845,110048,South East Delhi District
10,Vasant Vihar,48856.77,28.564479,77.161155,110057,New Delhi District
11,Dwarka More,50359.58,28.618973,77.031514,110059,South West District
12,Panchsheel Park,60449.23,28.543272,77.215076,110017,South District
13,Panchsheel Enclave,19538.06,28.543794,77.229476,110017,South District
14,Shivalik,19444.44,28.532298,77.206525,110017,South District
15,Sarita Vihar,34203.51,28.530896,77.294073,110076,South East Delhi District
16,Chhawla,4819.7,28.561283,77.002434,110071,South West District
17,Chattarpur,28422.15,28.48533,77.174925,110030,South District
18,Khanpur,4519.11,28.509519,77.230424,110062,South District
19,Geetanjali Enclave,22596.56,28.530191,77.201991,110017,South District
20,Mayur Vihar Phase 1,18115.21,28.598894,77.294371,110091,East District
21,New Friends Colony,12636.03,28.565556,77.27041,110025,South East Delhi District
22,Burari,5894.39,28.755099,77.199031,110084,Central District
23,Sector 19 Dwarka,17552.53,28.576972,77.053127,110075,South West District
24,Kalkaji,57796.75,28.541421,77.255747,110019,South East Delhi District
25,Sector 12 Dwarka,15714.44,28.594672,77.042238,110078,South West District
26,Sector 22 Dwarka,19363.67,28.560631,77.059501,110077,New Delhi District
27,Hauz Khas,21539.83,28.549648,77.207748,110016,South District
28,Raja Puri,4587.62,28.709453,77.183525,110009,North District
29,Sarvodaya Enclave,22216.05,28.537996,77.201102,110017,South District
30,Sector 6 Dwarka,13743.8,28.59306,77.065686,110075,South West District
31,Sector 23 Dwarka,85241.3,28.56448,77.055066,110077,New Delhi District
32,Green Park,24418.68,28.556856,77.203604,110016,South District
33,Paschim Vihar,15976.95,28.669306,77.093265,110063,West District
34,Greater Kailash,42582.15,28.55346,77.242581,110048,South East Delhi District
35,East Of Kailash,14927.57,28.555346,77.247987,110065,South East Delhi District
36,Pitampura,19100.53,28.69176,77.120353,110034,North West District
37,New Ashok Nagar,5786.14,28.594022,77.30742,110096,East District
38,Mohan Garden,5894.72,28.636866,77.037293,110059,West District
39,Sector 10 Dwarka,102339.42,28.58306,77.057824,110075,South West District
40,Sector 11 Dwarka,13176.38,28.589461,77.050047,110075,South West District
41,Dwarka Mor,997.85,28.618973,77.031514,110059,South West District
42,Sector 4 Dwarka,16716.11,28.602437,77.048068,110078,West District
43,Sector 7 Dwarka,11841.51,28.593441,77.072453,110075,South West District
44,Dwarka New Delhi 110075,43931.02,28.575835,77.043334,110075,South West District
45,Navjeevan Vihar,9803.92,28.533019,77.199801,110017,South District
46,Gulmohar Park,44385.85,28.556303,77.213521,110049,South District
47,Anand Niketan,34421.58,28.579845,77.164595,110021,New Delhi District
48,Lalita Park,6253.77,28.630145,77.274076,110092,East District
49,Khanpur Deoli,466.51,28.509519,77.230424,110062,South District
50,Hari Nagar,20296.49,28.624511,77.111014,110064,West District
51,Jangpura,3490.91,28.585417,77.246022,110014,South East Delhi District
52,Neb Sarai,4949.95,28.505609,77.198864,110062,South District
53,Zone L Dwarka,6307.02,28.597807,77.073263,110045,South West District
54,Guru Angad Nagar,7311.11,28.549345,77.253946,110019,South East Delhi District
55,Golf Links,2845.53,28.597261,77.231184,110003,New Delhi District
56,Punjabi Bagh,13690.83,28.667505,77.127874,110026,West District
57,Nawada,6609.95,28.622926,77.049585,110059,West District
58,Sector 5 Dwarka,13246.96,28.59772,77.057337,110075,South West District
59,Paryavaran Complex,5125.22,28.51606,77.203128,110068,South District
60,Ramesh Park,6900.4,28.635525,77.271834,110092,East District
61,Badarpur,3452.11,28.503489,77.300538,110044,South East Delhi District
62,Sector 13 Dwarka,1352.46,28.599383,77.036146,110078,South West District
63,Vishwakarma Park,6443.1,28.63599,77.273982,110092,East District
64,Freedom Fighter Enclave,4668.3,28.509987,77.19899,110068,South District
65,Jor Bagh,4500,28.588308,77.21383,110003,South East Delhi District
66,Om Vihar,5535.2,28.626044,77.05264,110059,West District
67,Mangal Bazar Road,795.34,28.714623,77.247965,110090,North East District
68,Janakpuri,14605.96,28.621667,77.088521,110058,West District
69,Sector 24 Rohini,21117.92,28.725017,77.085407,110085,North West District
70,Mahavir Enclave,8866.37,28.596709,77.08236,110045,South West District
71,Shahdara,14918.18,28.671679,77.294197,110032,Shahdara District
72,Patel Nagar,24126.85,28.652637,77.163834,110008,West District
73,Sector 18A Dwarka,15335.71,28.58863,77.036704,110078,South West District
74,Niti Bagh,16818.18,28.558991,77.215324,110049,South District
75,Khanpur Krishna Park,4483.39,28.509358,77.232441,110062,South District
76,Mehrauli,12612.03,28.521341,77.179337,110030,South District
77,Jaitpur,2352.82,28.50552,77.327316,110044,South East Delhi District
78,C R Park,17361.11,28.544341,77.253064,110019,South East Delhi District
79,I P Extension Patparganj,15136.3,28.612117,77.291734,110091,East District
80,Jasola,11324.78,28.542536,77.298059,110025,South East Delhi District
81,Shanti Niketan,26136.36,28.576494,77.168906,110021,New Delhi District
82,West Punjabi Bagh,13890.39,28.663638,77.052814,,West District
83,Maharani Bagh,115.23,28.573233,77.265296,110065,South East Delhi District
84,Karol Bagh,15655.69,28.652979,77.192229,110005,Central District
85,Sector 24 Dwarka,4668.88,28.570317,77.035992,110077,South West District
86,Kota House Entrance,15287.42,28.606087,77.225119,110011,New Delhi District
87,Sector 3 Dwarka,17749.69,28.606631,77.044155,110078,West District
88,Delhi,21620.23,28.632694,77.21966,,New Delhi District
89,Vishwas Park,4464.29,28.611805,77.057041,110059,West District
90,Jangpura Extension,13888.89,28.581219,77.242403,110014,South East Delhi District
91,Sector 14 Dwarka,12569.07,28.601374,77.027647,110078,South West District
92,Lajpat Nagar,10288.53,28.576062,77.241561,110024,South East Delhi District
93,South Extension 2,25000,28.566668,77.220915,110049,South East Delhi District
94,Nizamuddin,1109.05,28.589526,77.244335,110013,South East Delhi District
95,Sector 18B Dwarka,43904.58,28.585601,77.03178,110078,South West District
96,Chittaranjan Park,20944.52,28.538075,77.248299,110019,South East Delhi District
97,Dwarka More Mohan Garden,10589.84,28.636866,77.037293,110059,West District
98,Mayur Vihar I,11284.72,28.598894,77.294371,110091,East District
99,Tagore Garden,13248.88,28.645861,77.110687,110027,West District
100,Sector 9 Dwarka,13763.46,28.57934,77.065129,110077,South West District
101,L Zone Dwarka Phase 2 Delhi,4400,28.613626,77.019343,110078,South West District
102,Preet Vihar,35433.03,28.639118,77.294735,110092,East District
103,Najafgarh,3513.23,28.613304,76.980431,110043,South West District
104,Chattarpur Enclave Phase 2,8306.16,28.500421,77.187847,110074,South District
105,Guru Ram Das Nagar,7777.78,28.687432,77.198608,110007,North District
106,Mansa Ram Park,4907.94,28.617651,77.039019,110059,West District
107,Ramesh Nagar,6542.06,28.649318,77.130681,110015,West District
108,Nawada Uttam Nagar,6177.99,28.618535,77.056782,110059,West District
109,Sector-8 Dwarka,7914,28.575747,77.073874,110077,South West District
110,Jamia Nagar,16273.36,28.560839,77.281419,110025,South East Delhi District
111,Kailash Colony,9800,28.554173,77.24069,110048,South District
112,Sector 2 Dwarka,13666.13,28.598827,77.067843,110075,South West District
113,Khirki Extension,6245.41,28.532781,77.217764,110017,South District
114,Sangam Vihar,5974.82,28.500277,77.244059,110080,South East Delhi District
115,Dwarka Phase 2,6403.8,28.572503,77.018944,110071,South West District
116,Ghitorni,5510.91,28.500863,77.131536,110030,New Delhi District
117,Safdarjung Development Area,9554.6,28.551221,77.199048,110016,South District
118,Munirka,15383.25,28.553441,77.174918,110067,New Delhi District
119,Krishan Kunj,4000,28.700958,77.278916,110053,North East District
120,Param Puri,4600,28.618948,77.054646,110059,West District
121,Krishna Nagar,7919.11,28.65846,77.283538,110051,Shahdara District
122,Sukhdev Vihar,16114.22,28.55518,77.274676,110025,South East Delhi District
123,Lajpat Nagar Iii,5786.62,28.567256,77.239107,110024,South East Delhi District
124,Tilak Nagar,7827.27,28.637748,77.088869,110018,West District
125,Dwarka Sector 12,1282.67,28.594672,77.042238,110078,South West District
126,Uttam Nagar Nanhey Park,4394.34,28.618535,77.056782,110059,West District
127,Vasundhara Enclave,12548.67,28.60126,77.321231,110096,East District
128,Sector-7 Rohini,12545.45,28.708924,77.118426,110085,North West District
129,Lajpat Nagar Ii,22222.22,28.569781,77.242302,110024,South East Delhi District
130,Poorvi Pitampura,11505.54,28.69176,77.120353,110034,North West District
131,Mayur Vihar,19909.45,28.607676,77.301188,110091,East District
132,Duggal Colony,434.19,28.510371,77.230325,110062,South District
133,Vikas Puri,12997.71,28.638774,77.075727,110018,West District
134,Jawahar Park,3780.69,28.507696,77.23062,110062,South District
135,Sector-18 Dwarka,11428.96,28.589569,77.033645,110078,South West District
136,Vikaspuri,15251.96,28.638774,77.075727,110018,West District
137,Hauz Khas Enclave,22413.79,28.548088,77.20364,110016,South District
138,South Delhi,7477.94,28.515603,77.227055,,South District
139,Uttam Nagar East,5158.16,28.619541,77.063775,110059,South West District
140,South Extension,34953.84,28.571261,77.219909,110049,South East Delhi District
141,Sector22 Rohini,17952.04,28.721034,77.073372,110086,North West District
142,Lajpat Nagar Iv,15176.97,28.56298,77.240746,110024,South East Delhi District
143,Patparganj,15415.62,28.60963,77.291812,110091,East District
144,Govindpuri,6550.4,28.535546,77.264039,110019,South East Delhi District
145,Sector 17 Dwarka,10957.27,28.591823,77.028044,110078,South West District
146,Rama Park,5778.19,28.621244,77.034906,110059,West District
147,Anand Lok,49979.18,28.557201,77.218116,110049,South District
148,Ignou Road,3737.78,28.4916,77.20543,110062,South District
149,Uttam Nagar Subhash Park Extn,4897.96,28.61231,77.055123,110059,West District
150,Palam,9957.71,28.580917,77.088389,110045,South West District
151,Okhla,8486.43,28.564067,77.289191,110025,South East Delhi District
152,Ganesh Nagar,6273.84,28.635497,77.089232,110018,West District
153,Safdarjung,24461.76,28.565741,77.194877,110029,South District
154,Mayur Vihar Phase 3,10990,28.610627,77.336514,110096,East District
155,Kiran Garden,4888.89,28.619453,77.046439,110059,West District
156,Tagore Garden Extension,8149.27,28.651729,77.112763,110027,West District
157,Matiala,4941.14,28.614166,77.046822,110059,West District
158,Priyadarshini Vihar,5849.97,28.642246,77.277938,110092,East District
159,Moti Nagar,17929.32,28.662193,77.13917,110015,West District
160,Gagan Vihar,976.27,28.644682,77.292236,110051,East District
161,Deoli Khanpur,5967.32,28.509519,77.230424,110062,South District
162,Sector 13 Rohini,20278.48,28.721065,77.128913,110089,North District
163,Greater Kailash Enclave Ii,103591.16,28.539217,77.238547,110048,South East Delhi District
164,Rohini Sector 9,21925.72,28.717325,77.127455,110085,North District
165,Vishnu Garden,2888.89,28.653971,77.100309,110018,West District
166,D Block Vikaspuri,12357.14,28.6336,77.0674,110018,West District
167,Nanhey Park New Delhi,6428.57,28.632694,77.21966,,New Delhi District
168,Sector 11 Rohini,12541.67,28.73339,77.109005,110085,North West District
169,Shalimar Bagh,11360.16,28.708724,77.166944,110088,North District
170,Bindapur,6574.19,28.610709,77.068586,110059,South West District
171,Uttari Pitampura,12848.58,28.69176,77.120353,110034,North West District
172,Gautam Nagar,11820.33,28.561382,77.211631,110049,South District
173,Mahipalpur,540.75,28.545272,77.129485,110037,New Delhi District
174,Sewak Park,9156.31,28.617788,77.033562,110059,West District
175,D Block Lane,1215.52,28.627061,77.139963,110028,New Delhi District
176,Jain Colony,4809.52,28.685289,77.194123,110007,Central District
177,Sector 25 Rohini,7856.87,28.731926,77.094379,110085,North West District
178,Shastri Nagar,11133.19,28.673383,77.179699,110052,Central District
179,Anand Vihar,12941.36,28.652633,77.311955,110092,Shahdara District
180,Dwarka Sector 13,1050.66,28.599383,77.036146,110078,South West District
181,Jagdamba Vihar,31424.9,28.60105,77.095706,110046,South West District
182,Dilshad Garden,1271.95,28.682157,77.319274,110095,Shahdara District
183,Dwarka Road,10771.6,28.559388,77.042551,110077,South West District
184,Tughlakabad,3228.4,28.512079,77.267811,110044,South East Delhi District
185,Aya Nagar,554.69,28.475084,77.133169,110047,South District
186,New Rajendra Nagar,931.82,28.636315,77.17996,110060,Central District
187,Sector 3 Rohini,13571.43,28.70253,77.108311,110085,North West District
188,Sector-24 Rohini,10818.45,28.725017,77.085407,110085,North West District
189,Rajouri Garden,11552.01,28.643074,77.124982,110027,West District
190,Dwarka Sector 19,10119.48,28.576972,77.053127,110075,South West District
191,Kailash Hills,129.26,28.554787,77.246769,110065,South East Delhi District
192,Ashok Vihar,9726.4,28.6916,77.167153,110052,North West District
193,Bamnoli Dwarka Sector 28,599.21,28.596492,77.075086,110045,South West District
194,Dwarka Sector3,12407.7,28.636282,77.207186,110001,New Delhi District
195,Matiala Extension,4706.67,28.614166,77.046822,110059,West District
196,Alaknanda,16648.1,28.527939,77.250154,110019,South East Delhi District
197,Lalita Park Foot Over Bridge,63.58,28.631705,77.270747,110092,East District
198,Sainik Nagar Mansa Ram Park,4888.89,28.617651,77.039019,110059,West District
199,Mayur Vihar Phase 2,10768.05,28.618247,77.297834,110091,East District
200,Chhattarpur Enclave Phase1,4351.47,28.500326,77.191784,110074,South District
201,Dlf Ankur Vihar,6451.85,28.552668,77.213231,110049,South District
202,Sector 1 Dwarka,10330.81,28.597807,77.073263,110045,South West District
203,Sector-D Vasant Kunj,16101.29,28.521405,77.1461,110070,South District
204,Civil Lines,17656.97,28.680644,77.21888,110054,Central District
205,Kaushambi,7661.32,28.632694,77.21966,,
206,Tigri,12698.25,28.511275,77.238326,110062,South District
207,Sector 12 Dwarka New Delhi,10770.12,28.594672,77.042238,110078,South West District
208,Sector 4,13884.31,28.524277,77.228379,110017,South District
209,South Ex,20631.31,28.515603,77.227055,,South District
210,Model Town,13747.54,28.730261,77.171765,,North District
211,Dwarka 11 Sector,10999.26,28.589461,77.050047,110075,South West District
212,Govind Puri,11886.11,28.535546,77.264039,110019,South East Delhi District
213,Rohini Sector 16,14209.67,28.735915,77.122823,110089,North District
214,Rohini Sector 5,5833.33,28.713639,77.103875,110085,North West District
215,Uttam Nagar Vani Vihar,4375,28.61749,77.063792,110059,West District
216,Devli,9862.5,28.503704,77.23216,110062,South District
217,Paryavaran Complex Main,4250.28,28.51606,77.203128,110068,South District
218,Bamnoli Sector 28 Dwarka,5172.84,28.596492,77.075086,110045,South West District
219,Nangloi,774.83,28.672178,77.065816,110041,West District
220,Nirman Vihar,11839.1,28.635382,77.287782,110092,East District
221,Shanti Park Dwarka,8102.68,28.584408,77.049432,110075,South West District
222,Kirti Nagar,21503.17,28.65052,77.142426,110015,West District
223,Raju Park,4463.84,28.60992,77.030927,110078,South West District
224,Santnagar,4428.63,28.740852,77.20271,110084,Central District
225,Ip Extension,11762.02,28.629337,77.302631,110092,East District
226,Loni,5651.87,28.687996,77.291986,110032,Shahdara District
227,Dwarka Sector 11 Pocket 4,53589.26,28.587676,77.043674,110075,South West District
228,Kamla Nagar,293.63,28.682825,77.203627,110007,Central District
229,North Campus,29831.19,28.852488,77.097797,,North District
230,Om Vihar Extn Delhi,4662.86,28.617795,77.050624,110059,West District
231,Sector 12 Dwarka Pocket 3,10128.78,28.595862,77.04682,110078,South West District
232,Sector-14 Rohini,15131.02,28.714734,77.133387,110085,North West District
233,Westend,7702.11,28.671356,77.092747,110087,West District
234,Ashok Nagar,6884.79,28.635974,77.101596,110018,West District
235,Dabri,10802.96,28.6088,77.084165,110045,South West District
236,East Delhi,12340.89,28.635929,77.285827,,East District
237,Pandav Nagar,1457.06,28.619713,77.285675,110091,East District
238,Sheikh Sarai,14514.72,28.536347,77.221134,110017,South District
239,Block J,5925.93,28.654794,77.146398,110015,West District
240,Rohini Sector 24,1017.32,28.725017,77.085407,110085,North West District
241,Arjun Nagar,8287.29,28.561888,77.198002,110029,South District
242,Dwarka 10 Sector,536.84,28.590611,77.057569,110075,South West District
243,Mahavir Enclave Bengali Colony,555.11,28.596709,77.08236,110045,South West District
244,Mandawali,4646.3,28.630237,77.291411,110092,East District
245,Rama Park Block B,6271.6,28.622718,77.034595,110059,West District
246,Sector-8 Rohini,13703.7,28.703195,77.124575,110085,North West District
247,Bank Enclave,1462.5,28.642002,77.270898,110031,East District
248,Jasola Vihar Sector 8 Road,9322.82,28.544643,77.296658,110025,South East Delhi District
249,Dwarka Sec 6,8811.73,28.59306,77.065686,110075,South West District
250,Gurudwara Road,5371.54,28.540583,77.252121,110019,South East Delhi District
251,L Zone Delhi,4374.09,28.636126,77.112166,110027,West District
252,Mg Road Ghitorni,1927.29,28.500863,77.131536,110030,New Delhi District
253,Sahibabad,7497.31,28.744516,77.096549,110042,North District
254,Sector 21 Dwarka,4371.43,28.55764,77.067198,110077,New Delhi District
255,Sector 15 Rohini,10879.63,28.732456,77.127145,110089,North District
256,Main Rajapuri Road,3333.33,28.603495,77.056424,110059,South West District
257,Narela,7274.73,28.852488,77.097797,110040,North District
258,Nawada Extension,5555.56,28.622926,77.049585,110059,West District
259,Sadulajab,3950.62,28.632694,77.21966,,New Delhi District
260,Vasant Kunj Enclave,12156.71,28.51498,77.153245,110070,South District
261,Mansarovar Garden,7121.88,28.642099,77.133346,110015,West District
262,Naraina,6666.67,28.643119,77.144943,110028,West District
263,Saraswati Vihar,8357.14,28.696815,77.12461,110034,North West District
264,Sector 18 Dwarka New Delhi,9227.84,28.589569,77.033645,110078,South West District
265,Dwarka Sector 7,8827.84,28.593441,77.072453,110075,South West District
266,Sector 28 Dwarka,4467.46,28.596492,77.075086,110045,South West District
267,Sector-18 Rohini,1243.7,28.740602,77.137224,110089,North District
268,Connaught Place,44218.75,28.632735,77.219696,110001,New Delhi District
269,Abul Fazal Enclave Jamia Nagar,5128.21,28.555496,77.297802,110025,South East Delhi District
270,Begampur Park,6812.9,28.673665,77.094644,110063,West District
271,Cr Park Main Road,16444.44,28.541606,77.247948,110019,South East Delhi District
272,Geeta Colony,10402.22,28.652544,77.275947,110031,Shahdara District
273,Kalindi Kunj Road,18218.41,28.543383,77.310302,110076,South East Delhi District
274,Rajpur Khurd Village,6985.42,28.49442,77.190688,110068,South District
275,Karampura,15708.28,28.664786,77.147423,110015,West District
276,Chattarpur Enclave,3510.8,28.48533,77.174925,110030,South District
277,Dwarka 8 Sector,7444.44,28.575747,77.073874,110077,South West District
278,Dwarka Sec 23,8463.06,28.566949,77.055135,110077,South West District
279,Fateh Nagar,9411.76,28.63086,77.101612,110018,West District
280,Freedom Fighters Enclave,4288.07,28.510955,77.202062,110068,South District
281,Sector 18 Sector 18A Dwarka,10344.15,28.58863,77.036704,110078,South West District
282,Shivaji Marg,15741.67,28.662335,77.152738,110015,West District
283,Vijay Nagar,7148.67,28.690228,77.201634,110009,North District
284,Kapashera,5486.11,28.527669,77.076869,110097,New Delhi District
285,Dwarka Sub City,9509.9,28.597807,77.073263,110045,South West District
286,East Patel Nagar,8000,28.647715,77.174001,110005,West District
287,Nawada Sainik Nagar,5454.55,28.616509,77.041746,110059,West District
288,Sector 7 Dwarka New Delhi,10737.49,28.593441,77.072453,110075,South West District
289,Indraprastha,11551.25,28.61453,77.251556,110013,New Delhi District
290,Krishna Park Jawahar Park,3720.97,28.509358,77.232441,110062,South District
291,Mundka,3672.24,28.681933,77.030648,110041,West District
292,Sector-23 Rohini,8428.82,28.719668,77.081978,110085,North West District
293,Sector 16B Dwarka,8516.23,28.599926,77.017662,110078,South West District
294,Alaknanda Dda Flats Road,18480.2,28.685531,77.276792,110032,Shahdara District
295,Freedom Fighter Enclave Road,4253.41,28.508718,77.201279,110062,South District
296,Rajpur,4232.22,28.49442,77.190688,110068,South District
297,Shakarpur,6250,28.626964,77.279287,110092,East District
298,Mandi,4636.84,28.454097,77.146367,110047,South District
299,Sector 26 Dwarka,5243.94,28.545199,77.055081,110077,South West District
300,Mansarover Garden,1000,28.642099,77.133346,110015,West District
301,Shakti Nagar,22370.68,28.67965,77.195243,110007,Central District
302,Som Vihar,28333.33,28.571889,77.175111,110022,New Delhi District
303,Devli Export Enclave,3973.46,28.503704,77.23216,110062,South District
304,Hastsal,5833.33,28.636429,77.060879,110059,West District
305,Rajapuri East Uttam Nagar,4509.8,28.618535,77.056782,110059,West District
306,Rajinder Nagar,22222.22,28.703218,77.287433,110094,North East District
307,Sector 23,8605.71,28.719668,77.081978,110085,North West District
308,Sector-B Vasant Kunj,16824.4,28.522471,77.164599,110070,South District
309,Sultanpur,4761.54,28.48498,77.160476,110030,South District
310,Tri Nagar,11870.38,28.678393,77.156999,110035,North West District
311,Deoli Gaon Nai Basti,317.63,28.505528,77.234013,110062,South District
312,Gulmohar Enclave,21808.71,28.558254,77.210392,110049,South District
313,Kalkaji Govindpuri,9322.92,28.535546,77.264039,110019,South East Delhi District
314,Khera Khurd,9125,28.773865,77.099991,110082,North District
315,Manglapuri,9453.97,28.588744,77.087511,110045,South West District
316,Panchsheel Vihar,4814.81,28.534383,77.222077,110017,South District
317,Sector 19B,15555.34,28.667179,77.101017,110063,West District
318,Sector 29 Dwarka,4528.44,28.57616,77.050916,110075,South West District
319,Sector 9 Rohini,22768.67,28.717325,77.127455,110085,North District
320,Shahpur Jat,7333.33,28.549127,77.210407,110049,South District
321,Bakkarwala,7500,28.659125,77.016713,110041,West District
322,Bank Colony,3160.49,28.70331,77.311683,110093,Shahdara District
323,Kotla Mubarakpur,19978.63,28.573136,77.223323,110003,South East Delhi District
324,Malka Ganj,77564.1,28.675838,77.205485,110007,Central District
325,Razapur Khurd,4540.28,28.638323,77.029816,110059,West District
326,Vasant Kunj Marg,15449.02,28.51498,77.153245,110070,South District
327,Vivek Vihar,11733.09,28.67147,77.302295,110095,Shahdara District
328,Bank Colony Deoli,2888.89,28.500987,77.224467,110062,South District
329,Bhagwati Garden,4670,28.621219,77.033078,110059,West District
330,Gharoli,10487.18,28.620359,77.334202,110096,East District
331,Kalkaji Extension,10735.93,28.541421,77.255747,110019,South East Delhi District
332,Karkardooma,7458.85,28.649875,77.302592,110092,Shahdara District
333,Sudarshan Park,11158.02,28.660094,77.132877,110015,West District
334,Chirag Delhi,11406.25,28.538589,77.228025,110017,South District
335,D K Road,11309.94,28.711063,77.262982,110094,North East District
336,Dwarka Sector 9,10563.29,28.57934,77.065129,110077,South West District
337,Madhu Vihar,11541.67,28.601681,77.059258,110059,South West District
338,Munirka Vihar,14117.65,28.553441,77.174918,110067,New Delhi District
339,Pocket 2 Sector 6 Dwarka,10415.58,28.59122,77.059791,110075,South West District
340,Zakir Nagar,4916.67,28.56727,77.279498,110025,South East Delhi District
341,Gujranwala Town,10146.1,28.638975,77.08086,110018,West District
342,Kalyan Vihar,3589.74,28.691047,77.197438,110009,North District
343,Pipal Wala Road,4612.04,28.620387,77.039184,110059,West District
344,Sector 19,12156.18,28.577133,77.052768,110075,South West District
345,South Anarkali Delhi,11111.11,28.515603,77.227055,,South District
346,Sunlight Colony,6857.14,28.576913,77.258301,110014,South East Delhi District
347,Ashok Vihar Phase-1,8641.98,28.6916,77.167153,110052,North West District
348,Dwarka Sector 17,8658.35,28.591823,77.028044,110078,South West District
349,Inderpuri,661.4,28.631922,77.147498,110012,New Delhi District
350,Old Delhi,10747.13,28.563078,77.289901,110025,South East Delhi District
351,Sector 4 Rohini,9500,28.707737,77.10273,110085,North West District
352,Vinod Nagar North,5776.38,28.626427,77.290015,110092,East District
353,Wea,18607.86,28.632694,77.21966,,
354,Alaknanda Gangotri Enclave,14507.67,28.524453,77.252141,110019,South East Delhi District
355,Ashram,14973.26,28.578917,77.259447,110014,South East Delhi District
356,Baljeet Nagar,2921.35,28.653045,77.15715,110008,West District
357,Budh Vihar,2555.56,28.622737,77.313299,110091,East District
358,Devli Nai Basti,416.67,28.505528,77.234013,110062,South District
359,Govindpura,5873.02,28.645781,77.284887,110051,East District
360,Kalkaji Main,14000,28.541421,77.255747,110019,South East Delhi District
361,Roop Nagar,27247.96,28.684984,77.20039,110007,Central District
362,Sirifort Road,38888.89,28.597113,77.132191,110010,New Delhi District
363,Subhash Park Extn New Delhi,4400,28.679682,77.276699,110032,Shahdara District
364,Vishwas Park Extn Uttam Nagar,3500,28.610002,77.057957,110059,West District
365,Wazirabad,4117.65,28.724929,77.224245,110084,Central District
366,Babarpur,7222.22,28.688691,77.279249,110032,Shahdara District
367,Bali Nagar,4444.44,28.653915,77.128918,110015,West District
368,Bamnoli,735.29,28.545682,77.031618,110077,South West District
369,Bhalswa,3461.54,28.742565,77.163174,110042,North District
370,Dda Flat,9622.96,28.52615,77.221537,110017,South District
371,Dwarka Sector 11 Pocket 3,5630.64,28.585082,77.047071,110075,South West District
372,E 2 Vasant Kunj,5641.03,28.51498,77.153245,110070,South District
373,Madangir,441.92,28.519654,77.228583,110062,South District
374,Masjid Moth,14571.43,28.541008,77.234227,110048,South East Delhi District
375,Mathura Road Sarita Vihar,9105.22,28.515011,77.296958,110076,South East Delhi District
376,Meera Bagh,8346.59,28.658887,77.089295,110087,West District
377,Netaji Subhash Place,20357.14,28.692377,77.149477,110034,North West District
378,New Kondli,1087.99,28.606115,77.330756,110096,East District
379,Sector 11 Dwarka Pocket 2,8394.06,28.585773,77.045946,110075,South West District
380,Sector 15A,18636.36,28.675372,77.223558,110054,Central District
381,Swasthya Vihar,14204.55,28.640829,77.289421,110092,East District
382,Abul Fazal Enclave,3466.67,28.54637,77.307199,110025,South East Delhi District
383,Central Secretariat,16216.22,28.615966,77.215843,110001,New Delhi District
384,Delhi Apartments,1152.93,28.603676,77.054309,110078,West District
385,Derawal Nagar,8171.6,28.699642,77.190193,110009,North District
386,Dwarka Sector 12 Pocket 4,9145.82,28.595862,77.043795,110078,South West District
387,Dwarka Sector 16 Main Road,8284.02,28.59608,77.075058,110045,South West District
388,Paschim Vihar Main,10952.38,28.669306,77.093265,110063,West District
389,Sector 6 Dwarka Palam Vihar,11319.5,28.594958,77.068549,110075,South West District
390,Sushant Lok Delhi,3459.87,28.657155,77.316155,110092,Shahdara District
391,Vinod Nagar East,474.07,28.623101,77.307622,110091,East District
392,10 Sector Dwarka,8200.93,28.590611,77.057569,110075,South West District
393,B K Dutt Colony,21912.35,28.581666,77.215914,110003,South East Delhi District
394,Bhagwati Vihar,2888.89,28.612684,77.06236,110059,West District
395,Block A,11785.71,28.644128,77.101778,110018,West District
396,Jagriti Enclave Shreshtha Vihar,20790.44,28.655879,77.316371,110092,Shahdara District
397,Kundli,5177.13,28.69801,77.120157,110034,North West District
398,Loknayak Puram,5765.43,28.663064,77.010044,110041,West District
399,Mansarovar Park,7849.56,28.681864,77.299151,110032,Shahdara District
400,Mayur Vihar Iii,810.86,28.610627,77.336514,110096,East District
401,Okhla Vihar,4888.89,28.554818,77.290006,110025,South East Delhi District
402,Ranjeet Nagar,10909.09,28.64345,77.169485,110008,West District
403,Shyam Vihar Phase1,4637.25,28.606015,77.02922,110078,South West District
404,Anupam Garden 10Th Lane,9523.81,28.514134,77.208503,110017,South District
405,Bhiwadi,3696.78,28.632694,77.21966,,
406,Block A1 Chattarpur,3750,28.494484,77.184047,110074,South District
407,C Block Janakpuri Road,11313.32,28.620621,77.093496,110058,West District
408,Dcm Road,35115.7,28.662616,77.204021,110007,Central District
409,Deepali,7393.76,28.694694,77.118494,110034,North West District
410,Dilshad Colony,8714.29,28.6884,77.326317,110095,Shahdara District
411,Dwarka Sector 15,8216.37,28.606782,77.023576,110078,South West District
412,Kakrola,6296.3,28.608126,77.018272,110078,South West District
413,Kalu Sarai,25713.38,28.539458,77.199566,110016,South District
414,Kishangarh Mehrauli Road,5555.56,28.521341,77.179337,110030,South District
415,Mahipalpur Extension,4843.21,28.545272,77.129485,110037,New Delhi District
416,Nasirpur,8892.86,28.600232,77.087882,110045,South West District
417,Navin Shahdara,9565.22,28.671679,77.294197,,Shahdara District
418,Sarai Rohilla,3157.89,28.66302,77.182898,110005,Central District
419,Sector 111,10260.67,28.736906,77.051255,110086,North West District
420,Sector 8 Dwarka Block B,10526.32,28.575747,77.073874,110077,South West District
421,Sector-28 Rohini,5798.52,28.756306,77.101561,110042,North District
422,Sector24,10142.86,28.632694,77.21966,,New Delhi District
423,Sectorb Vasant Kunj,14285.71,28.522471,77.164599,110070,South District
424,Sewa Nagar,6166.67,28.577172,77.225249,110003,South East Delhi District
425,Shakurpur,2471.91,28.682335,77.141606,110034,North West District
426,Shadipur,20636.36,28.652243,77.151937,110008,West District
427,Aerocity,4391.01,28.552016,77.121662,110037,New Delhi District
428,Bharat Vihar,4383.33,28.607385,77.029196,110078,South West District
429,Chitra Vihar,11877.01,28.642648,77.285919,110092,East District
430,Defence Colony Flyover,53722.18,28.573199,77.232795,110024,South East Delhi District
431,Delhi Cantonment,8437.5,28.584669,77.133538,,New Delhi District
432,Duggal Housing Complex,3871.83,28.512933,77.228906,110062,South District
433,Ferozshah Road,2558.82,28.597113,77.132191,110010,New Delhi District
434,Karala,3424.66,28.735684,77.036117,110081,North West District
435,Mansa Ram Park Park Path,3500,28.617651,77.039019,110059,West District
436,Pochanpur Colony,6263.89,28.561103,77.047446,110077,South West District
437,Sadar Bazaar,5166.93,28.591759,77.120554,110010,New Delhi District
438,Sector 103,4526.7,28.735093,77.142806,110042,North District
439,Sector 37 Rohini,3000,28.74381,77.060163,110086,North District
440,Sector 9,13750,28.717325,77.127455,110085,North District
441,Sheikh Sarai Phase2 New Delhi,12513.91,28.534073,77.228266,110017,South District
442,Sonia Vihar,2545.45,28.716561,77.252766,110090,North East District
443,South Patel Nagar,13333.33,28.652637,77.163834,110008,West District
444,Vasant Enclave,13221.54,28.574318,77.159724,110057,New Delhi District
445,Vasant Vihar C Block,40000,28.567879,77.15832,110057,New Delhi District
446,Batla House New Delhi,376.92,28.567446,77.286619,110025,South East Delhi District
447,Block Ap Poorvi Pitampura,13257.08,28.703266,77.140724,110034,North West District
448,Chandni Chowk,8230.45,28.655159,77.233645,110006,Central District
449,Fatehpurberi,8869.05,28.632694,77.21966,,New Delhi District
450,Govindpuri Extension New Delhi,4166.67,28.534117,77.258786,110019,South East Delhi District
451,Ishwar Nagar,11666.67,28.559345,77.267956,110065,South East Delhi District
452,Jahangir Puri,6709.35,28.72562,77.182357,110033,North District
453,Khanpur Colony,4100,28.509519,77.230424,110062,South District
454,Naharpur Village,2777.78,28.703462,77.115124,110085,North West District
455,Pankha Road,6000,28.608029,77.103424,110046,South West District
456,Pocket 7 Dwarka Sector 12,8536.63,28.591314,77.043701,110078,South West District
457,Sector 11,9190.97,28.73339,77.109005,110085,North West District
458,Sector 12,13166.78,28.728298,77.122771,110085,North District
459,Sector C Vasant Kunj,40625,28.534377,77.145972,110070,South District
460,Sitapuri,4444.44,28.607997,77.075381,110059,South West District
461,Sonepat,3390.63,28.632694,77.21966,,
462,Surajmal Vihar,21666.67,28.661599,77.305985,110092,Shahdara District
463,Ali Village,6976.74,28.516516,77.308501,110076,South East Delhi District
464,Burari Garhi,4817.3,28.755099,77.199031,110084,Central District
465,Ca Apartments,109.74,28.671059,77.102869,110063,West District
466,Chandra Park,3902.11,28.610899,77.032639,110078,South West District
467,Daryaganj,9272.73,28.643996,77.241073,110002,Central District
468,Freedom Fighter Vihar,5000,28.510955,77.202062,110068,South District
469,Gazipur,10540.11,28.633403,77.318143,110096,East District
470,Hauz Rani,3571.43,28.528977,77.2094,110017,South District
471,Hill View,18416.67,28.575996,77.123512,110010,New Delhi District
472,Kanjhawla,3471.55,28.632694,77.21966,,New Delhi District
473,Karawal Nagar,2666.67,28.725454,77.268624,110094,North East District
474,Mehrauli Village,3870.36,28.521341,77.179337,110030,South District
475,Munirka Kunj Main Road,1395.24,28.553441,77.174918,110067,New Delhi District
476,Palam Vihar,9152.54,28.580917,77.088389,110045,South West District
477,R K Puram,29411.76,28.59833,77.094487,110045,South West District
478,Ram Nagar Extension,5555.56,28.654776,77.282714,110051,Shahdara District
479,Rithala,4550,28.718672,77.100659,110085,North West District
480,Sector 10,8919.76,28.725049,77.114447,110085,North District
481,Sector 4 Road,1017.2,28.524277,77.228379,110017,South District
482,Sector 6,7889,28.579063,77.167392,110021,New Delhi District
483,Sector-16 Dwarka,4250,28.59772,77.057337,110075,South West District
484,Sector-19 Rohini,11531.25,28.734704,77.142842,110042,North District
485,Sector-21 Rohini,7865.38,28.713045,77.067062,110086,North West District
486,Sfs Flats Saket,13571.43,28.523848,77.206773,110017,South District
487,Sidharth Ext,12727.27,28.579252,77.255716,110014,South East Delhi District
488,Sultanpur Extension,3969.7,28.496868,77.164988,110030,South District
489,10 Dwaraka Marg,8428.9,28.59853,77.087924,110045,South West District
490,59 Sector 22 Road,12975.78,28.723309,77.059448,110086,North West District
491,A1 Block Paschim Vihar Delhi,10952.38,28.669306,77.093265,110063,West District
492,Bamnoli Village Delhi,5000,28.545682,77.031618,110077,South West District
493,Block J Rajouri Garden Extension,12923.08,28.64009,77.114278,110027,West District
494,Budh Nagar,7777.78,28.635105,77.142724,110012,New Delhi District
495,Dhul Siras,4375,28.549419,77.03127,110077,South West District
496,Dlf Phase 5,12375.48,28.628811,77.049516,110059,West District
497,Dps Matiyala,8750.75,28.612465,77.04412,110059,West District
498,Dr Ambedkar Colony,4666.67,28.50521,77.180133,110030,South District
499,Govindpura Old,6112.91,28.645439,77.285121,110051,East District
500,Hailey Road,43243.24,28.624778,77.224403,110001,New Delhi District
501,Katwaria Sarai,8125,28.539874,77.188008,110016,South District
502,Masjid Moth Village,7000,28.561161,77.217187,110049,South District
503,Masoodpur,14629.63,28.52691,77.154162,110070,New Delhi District
504,Maya Enclave,8771.65,28.618855,77.108939,110064,West District
505,New Layal Pur,5000,28.674808,77.267115,110053,North East District
506,Peeragarhi Village,592.07,28.6764,77.0906,110087,West District
507,Rajiv Chowk,11000,28.631606,77.219275,110001,New Delhi District
508,Residential Floorsector,13137.79,28.610071,77.20741,110001,New Delhi District
509,Sarojini Nagar,4526.75,28.575688,77.195757,110023,South District
510,Sector 18,11183.57,28.740602,77.137224,110089,North District
511,Sector 8B,13240.74,28.612632,77.328481,110096,East District
512,Shreshtha Vihar,12444.44,28.658515,77.318579,110092,Shahdara District
513,Shyam Enclave,5555.56,28.654006,77.305415,110092,Shahdara District
514,Surhera,4300,28.595728,76.941202,110043,South West District
515,Vishal Enclave,3724.14,28.650382,77.118619,110027,West District
516,82 Sector 22 Road,5462.17,28.716836,77.061268,110086,North West District
517,85 Sector 22 Road,5720,28.716664,77.060184,110086,North West District
518,Akshardham,23171.14,28.612332,77.27833,110092,East District
519,Ambica Vihar,9615.38,28.665092,77.080354,110087,West District
520,Ashirwad,8750,28.622128,77.058429,110059,West District
521,Azad Apartments,25000,28.542398,77.20163,110016,South District
522,Baldev Park East,7812.5,28.647966,77.288968,110051,East District
523,Bees Sutri Harijan Basti,1583.33,28.50522,77.197623,110062,South District
524,Ber Sarai,18750,28.549408,77.180933,110016,New Delhi District
525,Cd Block Dakshini Pitampura,25000,28.69176,77.120353,110034,North West District
526,Dcm School Marg,6478.21,28.649656,77.164196,110008,West District
527,Devli Extention,2430.56,28.503704,77.23216,110062,South District
528,Devli Extention Deoli Gaon Nai Basti,3143.6,28.505528,77.234013,110062,South District
529,Dlf City Phase 3 Road,315.83,28.625797,77.054035,110059,West District
530,Ghitorni Village South Delhi,17500,28.492572,77.145379,110030,New Delhi District
531,Gt Road,1441.49,28.692501,77.190382,110033,North District
532,Gulab Bagh,566.67,28.636365,77.285144,110092,East District
533,Igi Airport,4826.07,28.555013,77.08437,110037,New Delhi District
534,Jasola Sector 8,10833.33,28.544643,77.296658,110025,South East Delhi District
535,Kalkaji Flyover,12534.18,28.541421,77.255747,110019,South East Delhi District
536,Kalyan Puri Road,4920.63,28.614998,77.313103,110091,East District
537,Keshavpuram,8333.33,28.688039,77.16071,110035,North West District
538,Khushi Ram Park Param Puri,5000,28.616921,77.051712,110059,West District
539,Kishangarh Village New Delhi,5617.98,28.632694,77.21966,,New Delhi District
540,Lodhi Colony,12000,28.583717,77.224496,110003,South East Delhi District
541,Manglapuri Village,36638.98,28.588744,77.087511,110045,South West District
542,Mathura Road,13750,28.612238,77.240035,110001,New Delhi District
543,Mayur Vihar Pocket F,47435.48,28.680359,77.317982,110095,Shahdara District
544,Mianwali Nagar Peera Garhi,10400,28.679509,77.096072,110056,West District
545,Mirpur Turk,4483.43,28.706748,77.265361,110094,North East District
546,Moti Bagh South,4545.45,28.58055,77.1726,110021,New Delhi District
547,Munirka Flyover,10296.3,28.553441,77.174918,110067,New Delhi District
548,Munirka Marg,11273.33,28.553441,77.174918,110067,New Delhi District
549,Pant Nagar,3264.76,28.585639,77.243685,110014,South East Delhi District
550,Pind Wala Khurd Village,65573.77,28.559322,76.97115,110043,South West District
551,Pocket 7 Sector D,11764.71,28.529379,77.146218,110070,South District
552,Pocket 8 Sector C,16666.67,28.537006,77.141515,110070,South District
553,Pratap Khand,6209.15,28.672288,77.30823,110095,Shahdara District
554,Sadh Nagar Palam Colony,3823.53,28.591095,77.0938,110045,South West District
555,Sandesh Vihar,18518.52,28.691363,77.141998,110034,North West District
556,Sector 108,5624.3,28.855418,77.096334,110040,North District
557,Sector 16A Dwarka,6269.59,28.611972,77.018489,110078,South West District
558,Sector 5,8758.77,28.52352,77.224102,110017,South District
559,Sector 7,9485.71,28.530248,77.227821,110017,South District
560,Sector B Pocket 10,1947.62,28.532418,77.153659,110070,South District
561,Sector17 Rohini,7995.09,28.721034,77.073372,110086,North West District
562,Shaheen Bagh New Delhi,4896.42,28.544888,77.302624,110025,South East Delhi District
563,Vrindavan Road,4468.12,28.441348,77.205875,110074,South District
564,West Enclave,10752.68,28.628375,77.074996,,West District
565,Yamuna Road,10505.63,28.67182,77.227706,110006,Central District
566,Delhi Cantt,527.04,28.596475,77.13247,110010,New Delhi District
567,102 Sector 21 Road,3389.42,28.712744,77.069416,110086,North West District
568,127 Sector 23 Road,13745.7,28.720863,77.078379,110085,North West District
569,91 Sector 23 Road,41.07,28.720863,77.078379,110085,North West District
570,Abul Fazal Enclave Part 2 New Delhi,4555.56,28.549208,77.299861,110025,South East Delhi District
571,Akshardham Road,20340.95,28.612332,77.27833,110092,East District
572,Antriksh Bhawan,3542.37,28.62872,77.222853,110001,New Delhi District
573,Block Jp Poorvi Pitampura,9988.01,28.702802,77.14598,110034,North West District
574,Block Uu Uttari Pitampura,7781.65,28.705857,77.13941,110034,North West District
575,Chirag Dilli,3500,28.538589,77.228025,110017,South District
576,Commercial Shop Karol Bagh,16650,28.652979,77.192229,110005,Central District
577,Commonwealth Games Village,15476.19,28.615,77.273474,110092,East District
578,E Block Preet Vihar,13263.42,28.638923,77.297743,110092,East District
579,Experion Heartsong,6303.13,28.596475,77.13247,110010,New Delhi District
580,Gulabhi Bagh Om Vihar,3600,28.626044,77.05264,110059,West District
581,Jammu Delhi Road,6250,28.627874,77.252394,110013,Central District
582,Janakpuri B1 Market,9444.44,28.628996,77.091333,110058,West District
583,Kapas Hera Extension,1866.67,28.594804,77.198137,110021,New Delhi District
584,Karampura West,13513.51,28.664786,77.147423,110015,West District
585,Kg 2 Road,8801.96,28.635922,77.078407,110018,West District
586,Lig Flats,8819.93,28.634795,77.06071,110059,West District
587,Mandakini Enclave,16388.89,28.529337,77.248602,110019,South East Delhi District
588,Mandi Road,5800,28.447834,77.144264,110047,South District
589,Mount Kailash Apartment,18333.33,28.553428,77.245946,110065,South East Delhi District
590,Narmada Apartments,13462.57,28.527007,77.248206,110019,South East Delhi District
591,Netaji Subash Marg,7826.09,28.645492,77.240409,110002,Central District
592,Noor Nagar,4266.67,28.557413,77.287111,110025,South East Delhi District
593,Partap Nagar,5000,28.708526,77.307316,110093,Shahdara District
594,Paschim Vihar A 1 Block,8300,28.678813,77.096991,110063,West District
595,Pocket 11 Sector B,16000,28.532134,77.151477,110070,South District
596,Pocket 2 Sector D,13365.38,28.613827,77.327863,110096,East District
597,Pocket 9 Sector C,16666.67,28.539503,77.143912,110070,South District
598,Residential Flat Mehrauli,3370.79,28.521341,77.179337,110030,South District
599,Rishi Nagar,6222.22,28.686199,77.127398,110034,North West District
600,Saiyad Ul Ajaib Village,3777.78,28.51808,77.200847,110030,South District
601,Salempur Majra,18750,28.768899,77.196855,110084,Central District
602,Sector 1,8674.1,28.849061,77.116154,110040,North District
603,Sector 10 Pocket 1,7250,28.594815,77.074271,110075,South West District
604,Sector 12 Dwarka Pocket 2,8000,28.595479,77.047881,110078,South West District
605,Sector 21 Road,5263.16,28.558233,77.0688,110077,New Delhi District
606,Sector 30,4603.58,28.755792,77.082597,110042,North District
607,Sector4Pkt 1,9233.81,28.514217,77.106693,110038,New Delhi District
608,Shahabad Mohammadpur,4266.67,28.557121,77.071742,110037,New Delhi District
609,Shankar Vihar,12306.61,28.566631,77.14623,110010,New Delhi District
610,Subzi Mandi,4784.69,28.67191,77.204144,110007,Central District
611,Ujwa,4200,28.570126,76.912299,110073,South West District
612,10 Dwarka Sector 9 Road,8493.15,28.57934,77.065129,110077,South West District
613,103 Sector 21 Road,9565.22,28.711812,77.068569,110086,North West District
614,103 Sector Road,5136.99,28.735093,77.142806,110042,North District
615,109 Sector 21 Road,5611.92,28.711593,77.06527,110086,North West District
616,119 Sector 6 Road,4137.93,28.602664,77.06306,110059,South West District
617,137 Sector 13 Main Road,6383.95,28.604477,77.034784,110078,South West District
618,144 Sector B Road,2592.59,28.73223,77.08159,110042,North District
619,22 Sector 13 Main Road,12500,28.721875,77.056835,110086,North West District
620,4 Dwarka Sector 9 Road,7123.44,28.57934,77.065129,110077,South West District
621,4 Sector 4 Road,11562.5,28.578168,77.170562,110021,New Delhi District
622,6 Sector 13 Main Road,8529.41,28.716626,77.130988,110085,North District
623,65 Sector Road,10255.13,28.734693,77.142685,110042,North District
624,78 Sector 6 Road,4790.07,28.71291,77.11147,110085,North West District
625,88 Sector 22 Road,4837.43,28.716754,77.060352,110086,North West District
626,89 Sector 22 Road,10500,28.718233,77.062444,110086,North West District
627,A Block Road,11785.71,28.700281,77.094663,110083,North West District
628,Ahinsa Vihar Road,4642.86,28.712273,77.123604,110085,North District
629,B4 Block,11764.71,28.699916,77.266174,110053,North East District
630,Baprola,10952.38,28.641795,77.014447,110043,West District
631,Bhagat Chandra Hospital,6800,28.593252,77.081135,110045,South West District
632,Bhagwati Garden Extension,4100,28.625185,77.030035,110059,West District
633,Bharthal,2285.71,28.544379,77.047411,110077,South West District
634,Block Gh5,7333.33,28.572861,77.071862,110077,New Delhi District
635,Block Ld Dakshini Pitampura,16666.67,28.69176,77.120353,110034,North West District
636,Block Sd Delhi,7588.24,28.696568,77.145981,110034,North West District
637,Commercial Shop Indra Park,29761.9,28.619936,77.068563,110059,West District
638,D B Gupta Road,15428.57,28.665973,77.301846,110032,Shahdara District
639,D3 Street,23333.33,28.564081,77.154981,110057,New Delhi District
640,Dda Flats,18888.89,28.606942,77.107619,110058,New Delhi District
641,Delhi Haridwar Road,4363.64,28.627874,77.252394,110013,Central District
642,Desh Bandhu Gupta Marg,11125,28.652157,77.194249,110005,Central District
643,Dilshad Colony New Simapuri,12241.05,28.6884,77.326317,110095,Shahdara District
644,Durga Vihar New Delhi,3571.43,28.594923,76.984881,110043,South West District
645,Dwarka 29 Sector,3975.63,28.57616,77.050916,110075,South West District
646,Dwarka Flyover,9714.29,28.592907,77.079503,110075,South West District
647,Dwarka Sec 21,3800,28.558233,77.0688,110077,New Delhi District
648,Dwarka Sec3,8333.33,28.56448,77.055066,110077,New Delhi District
649,Dwarka Sec6 Market,8857.14,28.590629,77.057679,110075,South West District
650,Dwarka Sector 12 Pocket 6,7500,28.592126,77.044647,110078,South West District
651,Dwarka Sector 23 Pocket 1,10584.62,28.56448,77.055066,110077,New Delhi District
652,Dwarka Sector 25,3800,28.555591,77.054558,110077,South West District
653,Dwarka Sector 9 Road,9250,28.57934,77.065129,110077,South West District
654,Epdp Colony,7764.71,28.583717,77.224496,110003,South East Delhi District
655,Fajalpur Village,11000,28.624655,77.289184,110092,East District
656,Gharoli Dairy Farm,10464.43,28.612945,77.332072,110096,East District
657,Godavari Apartments,11764.71,28.526516,77.253432,110019,South East Delhi District
658,Goyla Vihar,13888.89,28.581475,77.016036,110071,South West District
659,Grand Trunk Road,1582.8,28.670169,77.26454,110031,Shahdara District
660,Ignou Road Sainik Farm,2962.96,28.4916,77.20543,110062,South District
661,Inder Enclave,10344.83,28.70528,77.0464,110086,North West District
662,Jagdamba Camp,11111.11,28.520396,77.306913,110076,South East Delhi District
663,Kapas Hera Estate,3200,28.594804,77.198137,110021,New Delhi District
664,Khanpur Dhani,8431.37,28.709851,77.279332,110094,North East District
665,Khari Baoli,4878.05,28.657404,77.222944,110006,Central District
666,Khari Baoli Road,2808.4,28.657648,77.216728,110006,Central District
667,Kondali Main,5625,28.614001,77.324394,110096,East District
668,Link Road Ip Extension,5483.87,28.629337,77.302631,110092,East District
669,Lodhi Road Quarters,9523.81,28.587623,77.228376,110003,South East Delhi District
670,Mahaveer Nagar Kotla Mubarakpur,24429.97,28.575093,77.226034,110003,South East Delhi District
671,Mahipalpur Rangpuri Road,2820.51,28.540649,77.119477,110037,New Delhi District
672,Mahrauli,3518.52,28.500353,77.301768,110044,South East Delhi District
673,Masjid Moth Phase 2,10769.23,28.540533,77.233534,110048,South East Delhi District
674,Meenakshi Garden,12213.74,28.639439,77.103622,110018,West District
675,Nangloi Saiyed Village,5491.7,28.660145,77.08348,110087,West District
676,Nathupur Road,10000,28.597113,77.132191,110010,New Delhi District
677,Nelson Mandela Marg,20000,28.55343,77.166359,110067,New Delhi District
678,New Govindpura,6666.67,28.645781,77.284887,110051,East District
679,New Krishna Nagar,5000,28.65846,77.283538,110051,Shahdara District
680,New Pragatesheel Apartment,7586.21,28.600928,77.320745,110096,East District
681,Om Vihar Extn Om Vihar,4943.75,28.617795,77.050624,110059,West District
682,Om Vihar Phase 4,4750,28.625908,77.049997,110059,West District
683,Paryatan Vihar,9671.18,28.600932,77.313833,110096,East District
684,Pocket 10 Sector B,18000,28.532418,77.153659,110070,South District
685,Pocket 6 Sector 2,12500,28.834456,77.110325,110040,North District
686,Pocket 9,16250,28.599696,77.09011,110045,South West District
687,Pocket 9 Sector B,8181.82,28.531719,77.152256,110070,New Delhi District
688,Pocket A Sector 17 Dwarka,8181.82,28.591823,77.028044,110078,South West District
689,Police Lines,18181.82,28.697125,77.202464,110009,North District
690,Pontoon Bridge,80000,28.70587,77.232257,110054,North East District
691,Prime Chowk,8823.53,28.608729,77.208822,110011,New Delhi District
692,Puth Khurd Village,3428.57,28.770351,77.04933,110039,North District
693,Ram Colony Chattarpur,5555.56,28.496447,77.179047,110030,South District
694,Rampura Marg,9259.26,28.676958,77.153963,110035,North West District
695,Residential Flat Dharam Pura,3259.81,28.607164,76.992862,110043,South West District
696,Residential Flat East Of Kailash,11555.56,28.555346,77.247987,110065,South East Delhi District
697,Residential Flat Pocket A,2800,28.534737,77.288388,110076,South East Delhi District
698,Residential Flat Pocket D,2777.78,28.531203,77.296619,110076,South East Delhi District
699,Residential Flat Uttam Nagar,3777.78,28.618535,77.056782,110059,West District
700,Residential Floor Drayaganj,5149.79,28.610071,77.20741,110001,New Delhi District
701,Residential Floor East Ram Nagar,5288.16,28.623835,77.270836,,East District
702,Residential Floor Om Vihar,3442.13,28.626044,77.05264,110059,West District
703,Residential Floor Ram Nagar,3790.38,28.680237,77.296504,110032,Shahdara District
704,Residential Floor Tilak Nagar,4582.82,28.637748,77.088869,110018,West District
705,Residential Floor Uttam Nagar,4382.47,28.618535,77.056782,110059,West District
706,Residential Floorblocka Sector,841.24,28.610071,77.20741,110001,New Delhi District
707,Residential Floorpaschim Vihar,8131.84,28.610071,77.20741,110001,New Delhi District
708,Residential House Uttam Nagar,2812.5,28.618535,77.056782,110059,West District
709,Road Number 1,6646.97,28.479352,77.128902,110030,South District
710,Rocky Area,3333.33,28.712738,77.260986,110094,North East District
711,Sagarpur Palam Road,22222.22,28.604898,77.107483,110046,New Delhi District
712,Sec 6 Pocket 1,8750,28.594708,77.074252,110075,South West District
713,Sector 112,3188.01,28.855418,77.096334,110040,North District
714,Sector 12 Pocket 7,8166.67,28.840909,77.099224,110040,North District
715,Sector 13,8750,28.721065,77.128913,110089,North District
716,Sector 17,8421.05,28.741052,77.115233,110089,North District
717,Sector 18 A,7500,28.577017,77.050481,110075,South West District
718,Sector 18 Rohini,8947.37,28.740602,77.137224,110089,North District
719,Sector 18B Road,9642.86,28.840449,77.118471,110040,North District
720,Sector 21,4200,28.558233,77.0688,110077,New Delhi District
721,Sector 21 Dwarka New Delhi,8452.38,28.55764,77.067198,110077,New Delhi District
722,Sector 23 Road,9393.94,28.720863,77.078379,110085,North West District
723,Sector 25 Dwarka,4368.42,28.555591,77.054558,110077,South West District
724,Sector 37,5241.64,28.854101,77.102567,110040,North District
725,Sector B,17142.86,28.522471,77.164599,110070,South District
726,Shankar Garden,10540.54,28.629272,77.071521,110018,West District
727,Sheikh Sarai Inner Lane,16206.9,28.536347,77.221134,110017,South District
728,Siddharth Enclave,12500,28.617713,77.064994,110059,South West District
729,Siddhartha Enclave,11818.18,28.574015,77.258609,110014,South East Delhi District
730,Siddhartha Extension,9200,28.580603,77.258955,110014,South East Delhi District
731,Suraj Vihar,5625,28.612379,77.032206,110078,South West District
732,Sushant Vihar,3499.69,28.775758,77.168902,110036,North District
733,Telibara,5333.33,28.632694,77.21966,,New Delhi District
734,Timarpur,916.39,28.701694,77.221352,110054,Central District
735,V E E R Apartments Road,8387.1,28.688658,77.265926,110053,North East District
736,Vasant Enclave Road,12000,28.574318,77.159724,110057,New Delhi District
737,Vijay Mandal Enclave,12500,28.540769,77.204163,110016,South District
738,Vikaspuri Flyover,7222.22,28.638774,77.075727,110018,West District
